label,text,source
spam,URGENT! You have won a £2000 Bonus Caller Prize!,sms
spam,Free entry in 2 a wkly comp to win FA Cup final tkts 21st May 2005.,sms
spam,You have been selected to receive a £900 reward!,sms
spam,Congratulations! You have won $1000 cash prize!,sms
spam,URGENT! Your mobile number has won £2000.,sms
spam,You have won a £2000 Bonus Caller Prize!,sms
spam,Free entry in 2 a wkly comp to win FA Cup final tkts.,sms
spam,You have been selected to receive a £900 reward!,sms
spam,Congratulations! You have won $1000 cash prize!,sms
spam,URGENT! Your mobile number has won £2000.,sms
spam,URGENT! You have won a £2000 Bonus Caller Prize!,sms
spam,Free entry in 2 a wkly comp to win FA Cup final tkts 21st May 2005.,sms
spam,You have been selected to receive a £900 reward!,sms
spam,Congratulations! You have won $1000 cash prize!,sms
spam,URGENT! Your mobile number has won £2000.,sms
spam,You have won a £2000 Bonus Caller Prize!,sms
spam,Free entry in 2 a wkly comp to win FA Cup final tkts.,sms
spam,You have been selected to receive a £900 reward!,sms
spam,Congratulations! You have won $1000 cash prize!,sms
spam,URGENT! Your mobile number has won £2000.,sms
spam,URGENT! You have won a £2000 Bonus Caller Prize!,sms
spam,Free entry in 2 a wkly comp to win FA Cup final tkts 21st May 2005.,sms
spam,You have been selected to receive a £900 reward!,sms
spam,Congratulations! You have won $1000 cash prize!,sms
spam,URGENT! Your mobile number has won £2000.,sms
spam,You have won a £2000 Bonus Caller Prize!,sms
spam,Free entry in 2 a wkly comp to win FA Cup final tkts.,sms
spam,You have been selected to receive a £900 reward!,sms
spam,Congratulations! You have won $1000 cash prize!,sms
spam,URGENT! Your mobile number has won £2000.,sms
spam,URGENT! You have won a £2000 Bonus Caller Prize!,sms
spam,Free entry in 2 a wkly comp to win FA Cup final tkts 21st May 2005.,sms
spam,You have been selected to receive a £900 reward!,sms
spam,Congratulations! You have won $1000 cash prize!,sms
spam,URGENT! Your mobile number has won £2000.,sms
spam,You have won a £2000 Bonus Caller Prize!,sms
spam,Free entry in 2 a wkly comp to win FA Cup final tkts.,sms
spam,You have been selected to receive a £900 reward!,sms
spam,Congratulations! You have won $1000 cash prize!,sms
spam,URGENT! Your mobile number has won £2000.,sms
spam,URGENT! You have won a £2000 Bonus Caller Prize!,sms
spam,Free entry in 2 a wkly comp to win FA Cup final tkts 21st May 2005.,sms
spam,You have been selected to receive a £900 reward!,sms
spam,Congratulations! You have won $1000 cash prize!,sms
spam,URGENT! Your mobile number has won £2000.,sms
spam,You have won a £2000 Bonus Caller Prize!,sms
spam,Free entry in 2 a wkly comp to win FA Cup final tkts.,sms
spam,You have been selected to receive a £900 reward!,sms
spam,Congratulations! You have won $1000 cash prize!,sms
spam,URGENT! Your mobile number has won £2000.,sms
spam,URGENT! You have won a £2000 Bonus Caller Prize!,sms
spam,Free entry in 2 a wkly comp to win FA Cup final tkts 21st May 2005.,sms
spam,You have been selected to receive a £900 reward!,sms
spam,Congratulations! You have won $1000 cash prize!,sms
spam,URGENT! Your mobile number has won £2000.,sms
spam,You have won a £2000 Bonus Caller Prize!,sms
spam,Free entry in 2 a wkly comp to win FA Cup final tkts.,sms
spam,You have been selected to receive a £900 reward!,sms
spam,Congratulations! You have won $1000 cash prize!,sms
spam,URGENT! Your mobile number has won £2000.,sms
spam,URGENT! You have won a £2000 Bonus Caller Prize!,sms
spam,Free entry in 2 a wkly comp to win FA Cup final tkts 21st May 2005.,sms
spam,You have been selected to receive a £900 reward!,sms
spam,Congratulations! You have won $1000 cash prize!,sms
spam,URGENT! Your mobile number has won £2000.,sms
spam,You have won a £2000 Bonus Caller Prize!,sms
spam,Free entry in 2 a wkly comp to win FA Cup final tkts.,sms
spam,You have been selected to receive a £900 reward!,sms
spam,Congratulations! You have won $1000 cash prize!,sms
spam,URGENT! Your mobile number has won £2000.,sms
spam,URGENT! You have won a £2000 Bonus Caller Prize!,sms
spam,Free entry in 2 a wkly comp to win FA Cup final tkts 21st May 2005.,sms
spam,You have been selected to receive a £900 reward!,sms
spam,Congratulations! You have won $1000 cash prize!,sms
spam,URGENT! Your mobile number has won £2000.,sms
spam,You have won a £2000 Bonus Caller Prize!,sms
spam,Free entry in 2 a wkly comp to win FA Cup final tkts.,sms
spam,You have been selected to receive a £900 reward!,sms
spam,Congratulations! You have won $1000 cash prize!,sms
spam,URGENT! Your mobile number has won £2000.,sms
spam,URGENT! You have won a £2000 Bonus Caller Prize!,sms
spam,Free entry in 2 a wkly comp to win FA Cup final tkts 21st May 2005.,sms
spam,You have been selected to receive a £900 reward!,sms
spam,Congratulations! You have won $1000 cash prize!,sms
spam,URGENT! Your mobile number has won £2000.,sms
spam,You have won a £2000 Bonus Caller Prize!,sms
spam,Free entry in 2 a wkly comp to win FA Cup final tkts.,sms
spam,You have been selected to receive a £900 reward!,sms
spam,Congratulations! You have won $1000 cash prize!,sms
spam,URGENT! Your mobile number has won £2000.,sms
spam,URGENT! You have won a £2000 Bonus Caller Prize!,sms
spam,Free entry in 2 a wkly comp to win FA Cup final tkts 21st May 2005.,sms
spam,You have been selected to receive a £900 reward!,sms
spam,Congratulations! You have won $1000 cash prize!,sms
spam,URGENT! Your mobile number has won £2000.,sms
spam,You have won a £2000 Bonus Caller Prize!,sms
spam,Free entry in 2 a wkly comp to win FA Cup final tkts.,sms
spam,You have been selected to receive a £900 reward!,sms
spam,Congratulations! You have won $1000 cash prize!,sms
spam,URGENT! Your mobile number has won £2000.,sms
not_spam,"Hey, how are you doing today?",sms
not_spam,Can we meet for lunch tomorrow?,sms
not_spam,Thanks for the help with the project.,sms
not_spam,What time is the meeting?,sms
not_spam,I will be there in 10 minutes.,sms
not_spam,Have a great day!,sms
not_spam,See you later.,sms
not_spam,Thanks for the birthday wishes.,sms
not_spam,How was your weekend?,sms
not_spam,Looking forward to seeing you.,sms
not_spam,"Hey, how are you doing today?",sms
not_spam,Can we meet for lunch tomorrow?,sms
not_spam,Thanks for the help with the project.,sms
not_spam,What time is the meeting?,sms
not_spam,I will be there in 10 minutes.,sms
not_spam,Have a great day!,sms
not_spam,See you later.,sms
not_spam,Thanks for the birthday wishes.,sms
not_spam,How was your weekend?,sms
not_spam,Looking forward to seeing you.,sms
not_spam,"Hey, how are you doing today?",sms
not_spam,Can we meet for lunch tomorrow?,sms
not_spam,Thanks for the help with the project.,sms
not_spam,What time is the meeting?,sms
not_spam,I will be there in 10 minutes.,sms
not_spam,Have a great day!,sms
not_spam,See you later.,sms
not_spam,Thanks for the birthday wishes.,sms
not_spam,How was your weekend?,sms
not_spam,Looking forward to seeing you.,sms
not_spam,"Hey, how are you doing today?",sms
not_spam,Can we meet for lunch tomorrow?,sms
not_spam,Thanks for the help with the project.,sms
not_spam,What time is the meeting?,sms
not_spam,I will be there in 10 minutes.,sms
not_spam,Have a great day!,sms
not_spam,See you later.,sms
not_spam,Thanks for the birthday wishes.,sms
not_spam,How was your weekend?,sms
not_spam,Looking forward to seeing you.,sms
not_spam,"Hey, how are you doing today?",sms
not_spam,Can we meet for lunch tomorrow?,sms
not_spam,Thanks for the help with the project.,sms
not_spam,What time is the meeting?,sms
not_spam,I will be there in 10 minutes.,sms
not_spam,Have a great day!,sms
not_spam,See you later.,sms
not_spam,Thanks for the birthday wishes.,sms
not_spam,How was your weekend?,sms
not_spam,Looking forward to seeing you.,sms
not_spam,"Hey, how are you doing today?",sms
not_spam,Can we meet for lunch tomorrow?,sms
not_spam,Thanks for the help with the project.,sms
not_spam,What time is the meeting?,sms
not_spam,I will be there in 10 minutes.,sms
not_spam,Have a great day!,sms
not_spam,See you later.,sms
not_spam,Thanks for the birthday wishes.,sms
not_spam,How was your weekend?,sms
not_spam,Looking forward to seeing you.,sms
not_spam,"Hey, how are you doing today?",sms
not_spam,Can we meet for lunch tomorrow?,sms
not_spam,Thanks for the help with the project.,sms
not_spam,What time is the meeting?,sms
not_spam,I will be there in 10 minutes.,sms
not_spam,Have a great day!,sms
not_spam,See you later.,sms
not_spam,Thanks for the birthday wishes.,sms
not_spam,How was your weekend?,sms
not_spam,Looking forward to seeing you.,sms
not_spam,"Hey, how are you doing today?",sms
not_spam,Can we meet for lunch tomorrow?,sms
not_spam,Thanks for the help with the project.,sms
not_spam,What time is the meeting?,sms
not_spam,I will be there in 10 minutes.,sms
not_spam,Have a great day!,sms
not_spam,See you later.,sms
not_spam,Thanks for the birthday wishes.,sms
not_spam,How was your weekend?,sms
not_spam,Looking forward to seeing you.,sms
not_spam,"Hey, how are you doing today?",sms
not_spam,Can we meet for lunch tomorrow?,sms
not_spam,Thanks for the help with the project.,sms
not_spam,What time is the meeting?,sms
not_spam,I will be there in 10 minutes.,sms
not_spam,Have a great day!,sms
not_spam,See you later.,sms
not_spam,Thanks for the birthday wishes.,sms
not_spam,How was your weekend?,sms
not_spam,Looking forward to seeing you.,sms
not_spam,"Hey, how are you doing today?",sms
not_spam,Can we meet for lunch tomorrow?,sms
not_spam,Thanks for the help with the project.,sms
not_spam,What time is the meeting?,sms
not_spam,I will be there in 10 minutes.,sms
not_spam,Have a great day!,sms
not_spam,See you later.,sms
not_spam,Thanks for the birthday wishes.,sms
not_spam,How was your weekend?,sms
not_spam,Looking forward to seeing you.,sms
not_spam,"Hey, how are you doing today?",sms
not_spam,Can we meet for lunch tomorrow?,sms
not_spam,Thanks for the help with the project.,sms
not_spam,What time is the meeting?,sms
not_spam,I will be there in 10 minutes.,sms
not_spam,Have a great day!,sms
not_spam,See you later.,sms
not_spam,Thanks for the birthday wishes.,sms
not_spam,How was your weekend?,sms
not_spam,Looking forward to seeing you.,sms
not_spam,"Hey, how are you doing today?",sms
not_spam,Can we meet for lunch tomorrow?,sms
not_spam,Thanks for the help with the project.,sms
not_spam,What time is the meeting?,sms
not_spam,I will be there in 10 minutes.,sms
not_spam,Have a great day!,sms
not_spam,See you later.,sms
not_spam,Thanks for the birthday wishes.,sms
not_spam,How was your weekend?,sms
not_spam,Looking forward to seeing you.,sms
not_spam,"Hey, how are you doing today?",sms
not_spam,Can we meet for lunch tomorrow?,sms
not_spam,Thanks for the help with the project.,sms
not_spam,What time is the meeting?,sms
not_spam,I will be there in 10 minutes.,sms
not_spam,Have a great day!,sms
not_spam,See you later.,sms
not_spam,Thanks for the birthday wishes.,sms
not_spam,How was your weekend?,sms
not_spam,Looking forward to seeing you.,sms
not_spam,"Hey, how are you doing today?",sms
not_spam,Can we meet for lunch tomorrow?,sms
not_spam,Thanks for the help with the project.,sms
not_spam,What time is the meeting?,sms
not_spam,I will be there in 10 minutes.,sms
not_spam,Have a great day!,sms
not_spam,See you later.,sms
not_spam,Thanks for the birthday wishes.,sms
not_spam,How was your weekend?,sms
not_spam,Looking forward to seeing you.,sms
not_spam,"Hey, how are you doing today?",sms
not_spam,Can we meet for lunch tomorrow?,sms
not_spam,Thanks for the help with the project.,sms
not_spam,What time is the meeting?,sms
not_spam,I will be there in 10 minutes.,sms
not_spam,Have a great day!,sms
not_spam,See you later.,sms
not_spam,Thanks for the birthday wishes.,sms
not_spam,How was your weekend?,sms
not_spam,Looking forward to seeing you.,sms
not_spam,"Hey, how are you doing today?",sms
not_spam,Can we meet for lunch tomorrow?,sms
not_spam,Thanks for the help with the project.,sms
not_spam,What time is the meeting?,sms
not_spam,I will be there in 10 minutes.,sms
not_spam,Have a great day!,sms
not_spam,See you later.,sms
not_spam,Thanks for the birthday wishes.,sms
not_spam,How was your weekend?,sms
not_spam,Looking forward to seeing you.,sms
not_spam,"Hey, how are you doing today?",sms
not_spam,Can we meet for lunch tomorrow?,sms
not_spam,Thanks for the help with the project.,sms
not_spam,What time is the meeting?,sms
not_spam,I will be there in 10 minutes.,sms
not_spam,Have a great day!,sms
not_spam,See you later.,sms
not_spam,Thanks for the birthday wishes.,sms
not_spam,How was your weekend?,sms
not_spam,Looking forward to seeing you.,sms
not_spam,"Hey, how are you doing today?",sms
not_spam,Can we meet for lunch tomorrow?,sms
not_spam,Thanks for the help with the project.,sms
not_spam,What time is the meeting?,sms
not_spam,I will be there in 10 minutes.,sms
not_spam,Have a great day!,sms
not_spam,See you later.,sms
not_spam,Thanks for the birthday wishes.,sms
not_spam,How was your weekend?,sms
not_spam,Looking forward to seeing you.,sms
not_spam,"Hey, how are you doing today?",sms
not_spam,Can we meet for lunch tomorrow?,sms
not_spam,Thanks for the help with the project.,sms
not_spam,What time is the meeting?,sms
not_spam,I will be there in 10 minutes.,sms
not_spam,Have a great day!,sms
not_spam,See you later.,sms
not_spam,Thanks for the birthday wishes.,sms
not_spam,How was your weekend?,sms
not_spam,Looking forward to seeing you.,sms
not_spam,"Hey, how are you doing today?",sms
not_spam,Can we meet for lunch tomorrow?,sms
not_spam,Thanks for the help with the project.,sms
not_spam,What time is the meeting?,sms
not_spam,I will be there in 10 minutes.,sms
not_spam,Have a great day!,sms
not_spam,See you later.,sms
not_spam,Thanks for the birthday wishes.,sms
not_spam,How was your weekend?,sms
not_spam,Looking forward to seeing you.,sms
not_spam,"Hey, how are you doing today?",sms
not_spam,Can we meet for lunch tomorrow?,sms
not_spam,Thanks for the help with the project.,sms
not_spam,What time is the meeting?,sms
not_spam,I will be there in 10 minutes.,sms
not_spam,Have a great day!,sms
not_spam,See you later.,sms
not_spam,Thanks for the birthday wishes.,sms
not_spam,How was your weekend?,sms
not_spam,Looking forward to seeing you.,sms
not_spam,"Hey, how are you doing today?",sms
not_spam,Can we meet for lunch tomorrow?,sms
not_spam,Thanks for the help with the project.,sms
not_spam,What time is the meeting?,sms
not_spam,I will be there in 10 minutes.,sms
not_spam,Have a great day!,sms
not_spam,See you later.,sms
not_spam,Thanks for the birthday wishes.,sms
not_spam,How was your weekend?,sms
not_spam,Looking forward to seeing you.,sms
not_spam,"Hey, how are you doing today?",sms
not_spam,Can we meet for lunch tomorrow?,sms
not_spam,Thanks for the help with the project.,sms
not_spam,What time is the meeting?,sms
not_spam,I will be there in 10 minutes.,sms
not_spam,Have a great day!,sms
not_spam,See you later.,sms
not_spam,Thanks for the birthday wishes.,sms
not_spam,How was your weekend?,sms
not_spam,Looking forward to seeing you.,sms
not_spam,"Hey, how are you doing today?",sms
not_spam,Can we meet for lunch tomorrow?,sms
not_spam,Thanks for the help with the project.,sms
not_spam,What time is the meeting?,sms
not_spam,I will be there in 10 minutes.,sms
not_spam,Have a great day!,sms
not_spam,See you later.,sms
not_spam,Thanks for the birthday wishes.,sms
not_spam,How was your weekend?,sms
not_spam,Looking forward to seeing you.,sms
not_spam,"Hey, how are you doing today?",sms
not_spam,Can we meet for lunch tomorrow?,sms
not_spam,Thanks for the help with the project.,sms
not_spam,What time is the meeting?,sms
not_spam,I will be there in 10 minutes.,sms
not_spam,Have a great day!,sms
not_spam,See you later.,sms
not_spam,Thanks for the birthday wishes.,sms
not_spam,How was your weekend?,sms
not_spam,Looking forward to seeing you.,sms
not_spam,"Hey, how are you doing today?",sms
not_spam,Can we meet for lunch tomorrow?,sms
not_spam,Thanks for the help with the project.,sms
not_spam,What time is the meeting?,sms
not_spam,I will be there in 10 minutes.,sms
not_spam,Have a great day!,sms
not_spam,See you later.,sms
not_spam,Thanks for the birthday wishes.,sms
not_spam,How was your weekend?,sms
not_spam,Looking forward to seeing you.,sms
not_spam,"Hey, how are you doing today?",sms
not_spam,Can we meet for lunch tomorrow?,sms
not_spam,Thanks for the help with the project.,sms
not_spam,What time is the meeting?,sms
not_spam,I will be there in 10 minutes.,sms
not_spam,Have a great day!,sms
not_spam,See you later.,sms
not_spam,Thanks for the birthday wishes.,sms
not_spam,How was your weekend?,sms
not_spam,Looking forward to seeing you.,sms
not_spam,"Hey, how are you doing today?",sms
not_spam,Can we meet for lunch tomorrow?,sms
not_spam,Thanks for the help with the project.,sms
not_spam,What time is the meeting?,sms
not_spam,I will be there in 10 minutes.,sms
not_spam,Have a great day!,sms
not_spam,See you later.,sms
not_spam,Thanks for the birthday wishes.,sms
not_spam,How was your weekend?,sms
not_spam,Looking forward to seeing you.,sms
not_spam,"Hey, how are you doing today?",sms
not_spam,Can we meet for lunch tomorrow?,sms
not_spam,Thanks for the help with the project.,sms
not_spam,What time is the meeting?,sms
not_spam,I will be there in 10 minutes.,sms
not_spam,Have a great day!,sms
not_spam,See you later.,sms
not_spam,Thanks for the birthday wishes.,sms
not_spam,How was your weekend?,sms
not_spam,Looking forward to seeing you.,sms
not_spam,"Hey, how are you doing today?",sms
not_spam,Can we meet for lunch tomorrow?,sms
not_spam,Thanks for the help with the project.,sms
not_spam,What time is the meeting?,sms
not_spam,I will be there in 10 minutes.,sms
not_spam,Have a great day!,sms
not_spam,See you later.,sms
not_spam,Thanks for the birthday wishes.,sms
not_spam,How was your weekend?,sms
not_spam,Looking forward to seeing you.,sms
not_spam,"Hey, how are you doing today?",sms
not_spam,Can we meet for lunch tomorrow?,sms
not_spam,Thanks for the help with the project.,sms
not_spam,What time is the meeting?,sms
not_spam,I will be there in 10 minutes.,sms
not_spam,Have a great day!,sms
not_spam,See you later.,sms
not_spam,Thanks for the birthday wishes.,sms
not_spam,How was your weekend?,sms
not_spam,Looking forward to seeing you.,sms
not_spam,"Hey, how are you doing today?",sms
not_spam,Can we meet for lunch tomorrow?,sms
not_spam,Thanks for the help with the project.,sms
not_spam,What time is the meeting?,sms
not_spam,I will be there in 10 minutes.,sms
not_spam,Have a great day!,sms
not_spam,See you later.,sms
not_spam,Thanks for the birthday wishes.,sms
not_spam,How was your weekend?,sms
not_spam,Looking forward to seeing you.,sms
not_spam,"Hey, how are you doing today?",sms
not_spam,Can we meet for lunch tomorrow?,sms
not_spam,Thanks for the help with the project.,sms
not_spam,What time is the meeting?,sms
not_spam,I will be there in 10 minutes.,sms
not_spam,Have a great day!,sms
not_spam,See you later.,sms
not_spam,Thanks for the birthday wishes.,sms
not_spam,How was your weekend?,sms
not_spam,Looking forward to seeing you.,sms
not_spam,"Hey, how are you doing today?",sms
not_spam,Can we meet for lunch tomorrow?,sms
not_spam,Thanks for the help with the project.,sms
not_spam,What time is the meeting?,sms
not_spam,I will be there in 10 minutes.,sms
not_spam,Have a great day!,sms
not_spam,See you later.,sms
not_spam,Thanks for the birthday wishes.,sms
not_spam,How was your weekend?,sms
not_spam,Looking forward to seeing you.,sms
not_spam,"Hey, how are you doing today?",sms
not_spam,Can we meet for lunch tomorrow?,sms
not_spam,Thanks for the help with the project.,sms
not_spam,What time is the meeting?,sms
not_spam,I will be there in 10 minutes.,sms
not_spam,Have a great day!,sms
not_spam,See you later.,sms
not_spam,Thanks for the birthday wishes.,sms
not_spam,How was your weekend?,sms
not_spam,Looking forward to seeing you.,sms
not_spam,"Hey, how are you doing today?",sms
not_spam,Can we meet for lunch tomorrow?,sms
not_spam,Thanks for the help with the project.,sms
not_spam,What time is the meeting?,sms
not_spam,I will be there in 10 minutes.,sms
not_spam,Have a great day!,sms
not_spam,See you later.,sms
not_spam,Thanks for the birthday wishes.,sms
not_spam,How was your weekend?,sms
not_spam,Looking forward to seeing you.,sms
not_spam,"Hey, how are you doing today?",sms
not_spam,Can we meet for lunch tomorrow?,sms
not_spam,Thanks for the help with the project.,sms
not_spam,What time is the meeting?,sms
not_spam,I will be there in 10 minutes.,sms
not_spam,Have a great day!,sms
not_spam,See you later.,sms
not_spam,Thanks for the birthday wishes.,sms
not_spam,How was your weekend?,sms
not_spam,Looking forward to seeing you.,sms
not_spam,"Hey, how are you doing today?",sms
not_spam,Can we meet for lunch tomorrow?,sms
not_spam,Thanks for the help with the project.,sms
not_spam,What time is the meeting?,sms
not_spam,I will be there in 10 minutes.,sms
not_spam,Have a great day!,sms
not_spam,See you later.,sms
not_spam,Thanks for the birthday wishes.,sms
not_spam,How was your weekend?,sms
not_spam,Looking forward to seeing you.,sms
not_spam,"Hey, how are you doing today?",sms
not_spam,Can we meet for lunch tomorrow?,sms
not_spam,Thanks for the help with the project.,sms
not_spam,What time is the meeting?,sms
not_spam,I will be there in 10 minutes.,sms
not_spam,Have a great day!,sms
not_spam,See you later.,sms
not_spam,Thanks for the birthday wishes.,sms
not_spam,How was your weekend?,sms
not_spam,Looking forward to seeing you.,sms
not_spam,"Hey, how are you doing today?",sms
not_spam,Can we meet for lunch tomorrow?,sms
not_spam,Thanks for the help with the project.,sms
not_spam,What time is the meeting?,sms
not_spam,I will be there in 10 minutes.,sms
not_spam,Have a great day!,sms
not_spam,See you later.,sms
not_spam,Thanks for the birthday wishes.,sms
not_spam,How was your weekend?,sms
not_spam,Looking forward to seeing you.,sms
spam,Get rich quick! Make money from home with our amazing program!,email
spam,URGENT: Your account has been compromised. Click here to verify.,email
spam,Congratulations! You have won $5000 in our lottery!,email
spam,Limited time offer! 50% off all products. Order now!,email
spam,You have been selected for a special promotion!,email
spam,Make money online with our proven system!,email
spam,URGENT: Verify your account immediately!,email
spam,You have won a free vacation! Click to claim.,email
spam,Special offer: Get 70% off today only!,email
spam,Your account will be closed unless you verify now!,email
spam,Get rich quick! Make money from home with our amazing program!,email
spam,URGENT: Your account has been compromised. Click here to verify.,email
spam,Congratulations! You have won $5000 in our lottery!,email
spam,Limited time offer! 50% off all products. Order now!,email
spam,You have been selected for a special promotion!,email
spam,Make money online with our proven system!,email
spam,URGENT: Verify your account immediately!,email
spam,You have won a free vacation! Click to claim.,email
spam,Special offer: Get 70% off today only!,email
spam,Your account will be closed unless you verify now!,email
spam,Get rich quick! Make money from home with our amazing program!,email
spam,URGENT: Your account has been compromised. Click here to verify.,email
spam,Congratulations! You have won $5000 in our lottery!,email
spam,Limited time offer! 50% off all products. Order now!,email
spam,You have been selected for a special promotion!,email
spam,Make money online with our proven system!,email
spam,URGENT: Verify your account immediately!,email
spam,You have won a free vacation! Click to claim.,email
spam,Special offer: Get 70% off today only!,email
spam,Your account will be closed unless you verify now!,email
spam,Get rich quick! Make money from home with our amazing program!,email
spam,URGENT: Your account has been compromised. Click here to verify.,email
spam,Congratulations! You have won $5000 in our lottery!,email
spam,Limited time offer! 50% off all products. Order now!,email
spam,You have been selected for a special promotion!,email
spam,Make money online with our proven system!,email
spam,URGENT: Verify your account immediately!,email
spam,You have won a free vacation! Click to claim.,email
spam,Special offer: Get 70% off today only!,email
spam,Your account will be closed unless you verify now!,email
spam,Get rich quick! Make money from home with our amazing program!,email
spam,URGENT: Your account has been compromised. Click here to verify.,email
spam,Congratulations! You have won $5000 in our lottery!,email
spam,Limited time offer! 50% off all products. Order now!,email
spam,You have been selected for a special promotion!,email
spam,Make money online with our proven system!,email
spam,URGENT: Verify your account immediately!,email
spam,You have won a free vacation! Click to claim.,email
spam,Special offer: Get 70% off today only!,email
spam,Your account will be closed unless you verify now!,email
spam,Get rich quick! Make money from home with our amazing program!,email
spam,URGENT: Your account has been compromised. Click here to verify.,email
spam,Congratulations! You have won $5000 in our lottery!,email
spam,Limited time offer! 50% off all products. Order now!,email
spam,You have been selected for a special promotion!,email
spam,Make money online with our proven system!,email
spam,URGENT: Verify your account immediately!,email
spam,You have won a free vacation! Click to claim.,email
spam,Special offer: Get 70% off today only!,email
spam,Your account will be closed unless you verify now!,email
spam,Get rich quick! Make money from home with our amazing program!,email
spam,URGENT: Your account has been compromised. Click here to verify.,email
spam,Congratulations! You have won $5000 in our lottery!,email
spam,Limited time offer! 50% off all products. Order now!,email
spam,You have been selected for a special promotion!,email
spam,Make money online with our proven system!,email
spam,URGENT: Verify your account immediately!,email
spam,You have won a free vacation! Click to claim.,email
spam,Special offer: Get 70% off today only!,email
spam,Your account will be closed unless you verify now!,email
spam,Get rich quick! Make money from home with our amazing program!,email
spam,URGENT: Your account has been compromised. Click here to verify.,email
spam,Congratulations! You have won $5000 in our lottery!,email
spam,Limited time offer! 50% off all products. Order now!,email
spam,You have been selected for a special promotion!,email
spam,Make money online with our proven system!,email
spam,URGENT: Verify your account immediately!,email
spam,You have won a free vacation! Click to claim.,email
spam,Special offer: Get 70% off today only!,email
spam,Your account will be closed unless you verify now!,email
spam,Get rich quick! Make money from home with our amazing program!,email
spam,URGENT: Your account has been compromised. Click here to verify.,email
spam,Congratulations! You have won $5000 in our lottery!,email
spam,Limited time offer! 50% off all products. Order now!,email
spam,You have been selected for a special promotion!,email
spam,Make money online with our proven system!,email
spam,URGENT: Verify your account immediately!,email
spam,You have won a free vacation! Click to claim.,email
spam,Special offer: Get 70% off today only!,email
spam,Your account will be closed unless you verify now!,email
spam,Get rich quick! Make money from home with our amazing program!,email
spam,URGENT: Your account has been compromised. Click here to verify.,email
spam,Congratulations! You have won $5000 in our lottery!,email
spam,Limited time offer! 50% off all products. Order now!,email
spam,You have been selected for a special promotion!,email
spam,Make money online with our proven system!,email
spam,URGENT: Verify your account immediately!,email
spam,You have won a free vacation! Click to claim.,email
spam,Special offer: Get 70% off today only!,email
spam,Your account will be closed unless you verify now!,email
spam,Get rich quick! Make money from home with our amazing program!,email
spam,URGENT: Your account has been compromised. Click here to verify.,email
spam,Congratulations! You have won $5000 in our lottery!,email
spam,Limited time offer! 50% off all products. Order now!,email
spam,You have been selected for a special promotion!,email
spam,Make money online with our proven system!,email
spam,URGENT: Verify your account immediately!,email
spam,You have won a free vacation! Click to claim.,email
spam,Special offer: Get 70% off today only!,email
spam,Your account will be closed unless you verify now!,email
spam,Get rich quick! Make money from home with our amazing program!,email
spam,URGENT: Your account has been compromised. Click here to verify.,email
spam,Congratulations! You have won $5000 in our lottery!,email
spam,Limited time offer! 50% off all products. Order now!,email
spam,You have been selected for a special promotion!,email
spam,Make money online with our proven system!,email
spam,URGENT: Verify your account immediately!,email
spam,You have won a free vacation! Click to claim.,email
spam,Special offer: Get 70% off today only!,email
spam,Your account will be closed unless you verify now!,email
spam,Get rich quick! Make money from home with our amazing program!,email
spam,URGENT: Your account has been compromised. Click here to verify.,email
spam,Congratulations! You have won $5000 in our lottery!,email
spam,Limited time offer! 50% off all products. Order now!,email
spam,You have been selected for a special promotion!,email
spam,Make money online with our proven system!,email
spam,URGENT: Verify your account immediately!,email
spam,You have won a free vacation! Click to claim.,email
spam,Special offer: Get 70% off today only!,email
spam,Your account will be closed unless you verify now!,email
spam,Get rich quick! Make money from home with our amazing program!,email
spam,URGENT: Your account has been compromised. Click here to verify.,email
spam,Congratulations! You have won $5000 in our lottery!,email
spam,Limited time offer! 50% off all products. Order now!,email
spam,You have been selected for a special promotion!,email
spam,Make money online with our proven system!,email
spam,URGENT: Verify your account immediately!,email
spam,You have won a free vacation! Click to claim.,email
spam,Special offer: Get 70% off today only!,email
spam,Your account will be closed unless you verify now!,email
spam,Get rich quick! Make money from home with our amazing program!,email
spam,URGENT: Your account has been compromised. Click here to verify.,email
spam,Congratulations! You have won $5000 in our lottery!,email
spam,Limited time offer! 50% off all products. Order now!,email
spam,You have been selected for a special promotion!,email
spam,Make money online with our proven system!,email
spam,URGENT: Verify your account immediately!,email
spam,You have won a free vacation! Click to claim.,email
spam,Special offer: Get 70% off today only!,email
spam,Your account will be closed unless you verify now!,email
spam,Get rich quick! Make money from home with our amazing program!,email
spam,URGENT: Your account has been compromised. Click here to verify.,email
spam,Congratulations! You have won $5000 in our lottery!,email
spam,Limited time offer! 50% off all products. Order now!,email
spam,You have been selected for a special promotion!,email
spam,Make money online with our proven system!,email
spam,URGENT: Verify your account immediately!,email
spam,You have won a free vacation! Click to claim.,email
spam,Special offer: Get 70% off today only!,email
spam,Your account will be closed unless you verify now!,email
spam,Get rich quick! Make money from home with our amazing program!,email
spam,URGENT: Your account has been compromised. Click here to verify.,email
spam,Congratulations! You have won $5000 in our lottery!,email
spam,Limited time offer! 50% off all products. Order now!,email
spam,You have been selected for a special promotion!,email
spam,Make money online with our proven system!,email
spam,URGENT: Verify your account immediately!,email
spam,You have won a free vacation! Click to claim.,email
spam,Special offer: Get 70% off today only!,email
spam,Your account will be closed unless you verify now!,email
spam,Get rich quick! Make money from home with our amazing program!,email
spam,URGENT: Your account has been compromised. Click here to verify.,email
spam,Congratulations! You have won $5000 in our lottery!,email
spam,Limited time offer! 50% off all products. Order now!,email
spam,You have been selected for a special promotion!,email
spam,Make money online with our proven system!,email
spam,URGENT: Verify your account immediately!,email
spam,You have won a free vacation! Click to claim.,email
spam,Special offer: Get 70% off today only!,email
spam,Your account will be closed unless you verify now!,email
spam,Get rich quick! Make money from home with our amazing program!,email
spam,URGENT: Your account has been compromised. Click here to verify.,email
spam,Congratulations! You have won $5000 in our lottery!,email
spam,Limited time offer! 50% off all products. Order now!,email
spam,You have been selected for a special promotion!,email
spam,Make money online with our proven system!,email
spam,URGENT: Verify your account immediately!,email
spam,You have won a free vacation! Click to claim.,email
spam,Special offer: Get 70% off today only!,email
spam,Your account will be closed unless you verify now!,email
spam,Get rich quick! Make money from home with our amazing program!,email
spam,URGENT: Your account has been compromised. Click here to verify.,email
spam,Congratulations! You have won $5000 in our lottery!,email
spam,Limited time offer! 50% off all products. Order now!,email
spam,You have been selected for a special promotion!,email
spam,Make money online with our proven system!,email
spam,URGENT: Verify your account immediately!,email
spam,You have won a free vacation! Click to claim.,email
spam,Special offer: Get 70% off today only!,email
spam,Your account will be closed unless you verify now!,email
not_spam,"Hi, I wanted to follow up on our meeting yesterday.",email
not_spam,Thank you for your email. I will get back to you soon.,email
not_spam,The project deadline has been extended to next Friday.,email
not_spam,Please find attached the report you requested.,email
not_spam,I hope you are doing well. How is the new job?,email
not_spam,Can we schedule a call for tomorrow afternoon?,email
not_spam,Thanks for the great presentation today.,email
not_spam,I have reviewed the proposal and it looks good.,email
not_spam,The team meeting has been moved to 3 PM.,email
not_spam,Looking forward to working with you on this project.,email
not_spam,"Hi, I wanted to follow up on our meeting yesterday.",email
not_spam,Thank you for your email. I will get back to you soon.,email
not_spam,The project deadline has been extended to next Friday.,email
not_spam,Please find attached the report you requested.,email
not_spam,I hope you are doing well. How is the new job?,email
not_spam,Can we schedule a call for tomorrow afternoon?,email
not_spam,Thanks for the great presentation today.,email
not_spam,I have reviewed the proposal and it looks good.,email
not_spam,The team meeting has been moved to 3 PM.,email
not_spam,Looking forward to working with you on this project.,email
not_spam,"Hi, I wanted to follow up on our meeting yesterday.",email
not_spam,Thank you for your email. I will get back to you soon.,email
not_spam,The project deadline has been extended to next Friday.,email
not_spam,Please find attached the report you requested.,email
not_spam,I hope you are doing well. How is the new job?,email
not_spam,Can we schedule a call for tomorrow afternoon?,email
not_spam,Thanks for the great presentation today.,email
not_spam,I have reviewed the proposal and it looks good.,email
not_spam,The team meeting has been moved to 3 PM.,email
not_spam,Looking forward to working with you on this project.,email
not_spam,"Hi, I wanted to follow up on our meeting yesterday.",email
not_spam,Thank you for your email. I will get back to you soon.,email
not_spam,The project deadline has been extended to next Friday.,email
not_spam,Please find attached the report you requested.,email
not_spam,I hope you are doing well. How is the new job?,email
not_spam,Can we schedule a call for tomorrow afternoon?,email
not_spam,Thanks for the great presentation today.,email
not_spam,I have reviewed the proposal and it looks good.,email
not_spam,The team meeting has been moved to 3 PM.,email
not_spam,Looking forward to working with you on this project.,email
not_spam,"Hi, I wanted to follow up on our meeting yesterday.",email
not_spam,Thank you for your email. I will get back to you soon.,email
not_spam,The project deadline has been extended to next Friday.,email
not_spam,Please find attached the report you requested.,email
not_spam,I hope you are doing well. How is the new job?,email
not_spam,Can we schedule a call for tomorrow afternoon?,email
not_spam,Thanks for the great presentation today.,email
not_spam,I have reviewed the proposal and it looks good.,email
not_spam,The team meeting has been moved to 3 PM.,email
not_spam,Looking forward to working with you on this project.,email
not_spam,"Hi, I wanted to follow up on our meeting yesterday.",email
not_spam,Thank you for your email. I will get back to you soon.,email
not_spam,The project deadline has been extended to next Friday.,email
not_spam,Please find attached the report you requested.,email
not_spam,I hope you are doing well. How is the new job?,email
not_spam,Can we schedule a call for tomorrow afternoon?,email
not_spam,Thanks for the great presentation today.,email
not_spam,I have reviewed the proposal and it looks good.,email
not_spam,The team meeting has been moved to 3 PM.,email
not_spam,Looking forward to working with you on this project.,email
not_spam,"Hi, I wanted to follow up on our meeting yesterday.",email
not_spam,Thank you for your email. I will get back to you soon.,email
not_spam,The project deadline has been extended to next Friday.,email
not_spam,Please find attached the report you requested.,email
not_spam,I hope you are doing well. How is the new job?,email
not_spam,Can we schedule a call for tomorrow afternoon?,email
not_spam,Thanks for the great presentation today.,email
not_spam,I have reviewed the proposal and it looks good.,email
not_spam,The team meeting has been moved to 3 PM.,email
not_spam,Looking forward to working with you on this project.,email
not_spam,"Hi, I wanted to follow up on our meeting yesterday.",email
not_spam,Thank you for your email. I will get back to you soon.,email
not_spam,The project deadline has been extended to next Friday.,email
not_spam,Please find attached the report you requested.,email
not_spam,I hope you are doing well. How is the new job?,email
not_spam,Can we schedule a call for tomorrow afternoon?,email
not_spam,Thanks for the great presentation today.,email
not_spam,I have reviewed the proposal and it looks good.,email
not_spam,The team meeting has been moved to 3 PM.,email
not_spam,Looking forward to working with you on this project.,email
not_spam,"Hi, I wanted to follow up on our meeting yesterday.",email
not_spam,Thank you for your email. I will get back to you soon.,email
not_spam,The project deadline has been extended to next Friday.,email
not_spam,Please find attached the report you requested.,email
not_spam,I hope you are doing well. How is the new job?,email
not_spam,Can we schedule a call for tomorrow afternoon?,email
not_spam,Thanks for the great presentation today.,email
not_spam,I have reviewed the proposal and it looks good.,email
not_spam,The team meeting has been moved to 3 PM.,email
not_spam,Looking forward to working with you on this project.,email
not_spam,"Hi, I wanted to follow up on our meeting yesterday.",email
not_spam,Thank you for your email. I will get back to you soon.,email
not_spam,The project deadline has been extended to next Friday.,email
not_spam,Please find attached the report you requested.,email
not_spam,I hope you are doing well. How is the new job?,email
not_spam,Can we schedule a call for tomorrow afternoon?,email
not_spam,Thanks for the great presentation today.,email
not_spam,I have reviewed the proposal and it looks good.,email
not_spam,The team meeting has been moved to 3 PM.,email
not_spam,Looking forward to working with you on this project.,email
not_spam,"Hi, I wanted to follow up on our meeting yesterday.",email
not_spam,Thank you for your email. I will get back to you soon.,email
not_spam,The project deadline has been extended to next Friday.,email
not_spam,Please find attached the report you requested.,email
not_spam,I hope you are doing well. How is the new job?,email
not_spam,Can we schedule a call for tomorrow afternoon?,email
not_spam,Thanks for the great presentation today.,email
not_spam,I have reviewed the proposal and it looks good.,email
not_spam,The team meeting has been moved to 3 PM.,email
not_spam,Looking forward to working with you on this project.,email
not_spam,"Hi, I wanted to follow up on our meeting yesterday.",email
not_spam,Thank you for your email. I will get back to you soon.,email
not_spam,The project deadline has been extended to next Friday.,email
not_spam,Please find attached the report you requested.,email
not_spam,I hope you are doing well. How is the new job?,email
not_spam,Can we schedule a call for tomorrow afternoon?,email
not_spam,Thanks for the great presentation today.,email
not_spam,I have reviewed the proposal and it looks good.,email
not_spam,The team meeting has been moved to 3 PM.,email
not_spam,Looking forward to working with you on this project.,email
not_spam,"Hi, I wanted to follow up on our meeting yesterday.",email
not_spam,Thank you for your email. I will get back to you soon.,email
not_spam,The project deadline has been extended to next Friday.,email
not_spam,Please find attached the report you requested.,email
not_spam,I hope you are doing well. How is the new job?,email
not_spam,Can we schedule a call for tomorrow afternoon?,email
not_spam,Thanks for the great presentation today.,email
not_spam,I have reviewed the proposal and it looks good.,email
not_spam,The team meeting has been moved to 3 PM.,email
not_spam,Looking forward to working with you on this project.,email
not_spam,"Hi, I wanted to follow up on our meeting yesterday.",email
not_spam,Thank you for your email. I will get back to you soon.,email
not_spam,The project deadline has been extended to next Friday.,email
not_spam,Please find attached the report you requested.,email
not_spam,I hope you are doing well. How is the new job?,email
not_spam,Can we schedule a call for tomorrow afternoon?,email
not_spam,Thanks for the great presentation today.,email
not_spam,I have reviewed the proposal and it looks good.,email
not_spam,The team meeting has been moved to 3 PM.,email
not_spam,Looking forward to working with you on this project.,email
not_spam,"Hi, I wanted to follow up on our meeting yesterday.",email
not_spam,Thank you for your email. I will get back to you soon.,email
not_spam,The project deadline has been extended to next Friday.,email
not_spam,Please find attached the report you requested.,email
not_spam,I hope you are doing well. How is the new job?,email
not_spam,Can we schedule a call for tomorrow afternoon?,email
not_spam,Thanks for the great presentation today.,email
not_spam,I have reviewed the proposal and it looks good.,email
not_spam,The team meeting has been moved to 3 PM.,email
not_spam,Looking forward to working with you on this project.,email
not_spam,"Hi, I wanted to follow up on our meeting yesterday.",email
not_spam,Thank you for your email. I will get back to you soon.,email
not_spam,The project deadline has been extended to next Friday.,email
not_spam,Please find attached the report you requested.,email
not_spam,I hope you are doing well. How is the new job?,email
not_spam,Can we schedule a call for tomorrow afternoon?,email
not_spam,Thanks for the great presentation today.,email
not_spam,I have reviewed the proposal and it looks good.,email
not_spam,The team meeting has been moved to 3 PM.,email
not_spam,Looking forward to working with you on this project.,email
not_spam,"Hi, I wanted to follow up on our meeting yesterday.",email
not_spam,Thank you for your email. I will get back to you soon.,email
not_spam,The project deadline has been extended to next Friday.,email
not_spam,Please find attached the report you requested.,email
not_spam,I hope you are doing well. How is the new job?,email
not_spam,Can we schedule a call for tomorrow afternoon?,email
not_spam,Thanks for the great presentation today.,email
not_spam,I have reviewed the proposal and it looks good.,email
not_spam,The team meeting has been moved to 3 PM.,email
not_spam,Looking forward to working with you on this project.,email
not_spam,"Hi, I wanted to follow up on our meeting yesterday.",email
not_spam,Thank you for your email. I will get back to you soon.,email
not_spam,The project deadline has been extended to next Friday.,email
not_spam,Please find attached the report you requested.,email
not_spam,I hope you are doing well. How is the new job?,email
not_spam,Can we schedule a call for tomorrow afternoon?,email
not_spam,Thanks for the great presentation today.,email
not_spam,I have reviewed the proposal and it looks good.,email
not_spam,The team meeting has been moved to 3 PM.,email
not_spam,Looking forward to working with you on this project.,email
not_spam,"Hi, I wanted to follow up on our meeting yesterday.",email
not_spam,Thank you for your email. I will get back to you soon.,email
not_spam,The project deadline has been extended to next Friday.,email
not_spam,Please find attached the report you requested.,email
not_spam,I hope you are doing well. How is the new job?,email
not_spam,Can we schedule a call for tomorrow afternoon?,email
not_spam,Thanks for the great presentation today.,email
not_spam,I have reviewed the proposal and it looks good.,email
not_spam,The team meeting has been moved to 3 PM.,email
not_spam,Looking forward to working with you on this project.,email
not_spam,"Hi, I wanted to follow up on our meeting yesterday.",email
not_spam,Thank you for your email. I will get back to you soon.,email
not_spam,The project deadline has been extended to next Friday.,email
not_spam,Please find attached the report you requested.,email
not_spam,I hope you are doing well. How is the new job?,email
not_spam,Can we schedule a call for tomorrow afternoon?,email
not_spam,Thanks for the great presentation today.,email
not_spam,I have reviewed the proposal and it looks good.,email
not_spam,The team meeting has been moved to 3 PM.,email
not_spam,Looking forward to working with you on this project.,email
not_spam,"Hi, I wanted to follow up on our meeting yesterday.",email
not_spam,Thank you for your email. I will get back to you soon.,email
not_spam,The project deadline has been extended to next Friday.,email
not_spam,Please find attached the report you requested.,email
not_spam,I hope you are doing well. How is the new job?,email
not_spam,Can we schedule a call for tomorrow afternoon?,email
not_spam,Thanks for the great presentation today.,email
not_spam,I have reviewed the proposal and it looks good.,email
not_spam,The team meeting has been moved to 3 PM.,email
not_spam,Looking forward to working with you on this project.,email
not_spam,"Hi, I wanted to follow up on our meeting yesterday.",email
not_spam,Thank you for your email. I will get back to you soon.,email
not_spam,The project deadline has been extended to next Friday.,email
not_spam,Please find attached the report you requested.,email
not_spam,I hope you are doing well. How is the new job?,email
not_spam,Can we schedule a call for tomorrow afternoon?,email
not_spam,Thanks for the great presentation today.,email
not_spam,I have reviewed the proposal and it looks good.,email
not_spam,The team meeting has been moved to 3 PM.,email
not_spam,Looking forward to working with you on this project.,email
not_spam,"Hi, I wanted to follow up on our meeting yesterday.",email
not_spam,Thank you for your email. I will get back to you soon.,email
not_spam,The project deadline has been extended to next Friday.,email
not_spam,Please find attached the report you requested.,email
not_spam,I hope you are doing well. How is the new job?,email
not_spam,Can we schedule a call for tomorrow afternoon?,email
not_spam,Thanks for the great presentation today.,email
not_spam,I have reviewed the proposal and it looks good.,email
not_spam,The team meeting has been moved to 3 PM.,email
not_spam,Looking forward to working with you on this project.,email
not_spam,"Hi, I wanted to follow up on our meeting yesterday.",email
not_spam,Thank you for your email. I will get back to you soon.,email
not_spam,The project deadline has been extended to next Friday.,email
not_spam,Please find attached the report you requested.,email
not_spam,I hope you are doing well. How is the new job?,email
not_spam,Can we schedule a call for tomorrow afternoon?,email
not_spam,Thanks for the great presentation today.,email
not_spam,I have reviewed the proposal and it looks good.,email
not_spam,The team meeting has been moved to 3 PM.,email
not_spam,Looking forward to working with you on this project.,email
not_spam,"Hi, I wanted to follow up on our meeting yesterday.",email
not_spam,Thank you for your email. I will get back to you soon.,email
not_spam,The project deadline has been extended to next Friday.,email
not_spam,Please find attached the report you requested.,email
not_spam,I hope you are doing well. How is the new job?,email
not_spam,Can we schedule a call for tomorrow afternoon?,email
not_spam,Thanks for the great presentation today.,email
not_spam,I have reviewed the proposal and it looks good.,email
not_spam,The team meeting has been moved to 3 PM.,email
not_spam,Looking forward to working with you on this project.,email
not_spam,"Hi, I wanted to follow up on our meeting yesterday.",email
not_spam,Thank you for your email. I will get back to you soon.,email
not_spam,The project deadline has been extended to next Friday.,email
not_spam,Please find attached the report you requested.,email
not_spam,I hope you are doing well. How is the new job?,email
not_spam,Can we schedule a call for tomorrow afternoon?,email
not_spam,Thanks for the great presentation today.,email
not_spam,I have reviewed the proposal and it looks good.,email
not_spam,The team meeting has been moved to 3 PM.,email
not_spam,Looking forward to working with you on this project.,email
not_spam,"Hi, I wanted to follow up on our meeting yesterday.",email
not_spam,Thank you for your email. I will get back to you soon.,email
not_spam,The project deadline has been extended to next Friday.,email
not_spam,Please find attached the report you requested.,email
not_spam,I hope you are doing well. How is the new job?,email
not_spam,Can we schedule a call for tomorrow afternoon?,email
not_spam,Thanks for the great presentation today.,email
not_spam,I have reviewed the proposal and it looks good.,email
not_spam,The team meeting has been moved to 3 PM.,email
not_spam,Looking forward to working with you on this project.,email
not_spam,"Hi, I wanted to follow up on our meeting yesterday.",email
not_spam,Thank you for your email. I will get back to you soon.,email
not_spam,The project deadline has been extended to next Friday.,email
not_spam,Please find attached the report you requested.,email
not_spam,I hope you are doing well. How is the new job?,email
not_spam,Can we schedule a call for tomorrow afternoon?,email
not_spam,Thanks for the great presentation today.,email
not_spam,I have reviewed the proposal and it looks good.,email
not_spam,The team meeting has been moved to 3 PM.,email
not_spam,Looking forward to working with you on this project.,email
not_spam,"Hi, I wanted to follow up on our meeting yesterday.",email
not_spam,Thank you for your email. I will get back to you soon.,email
not_spam,The project deadline has been extended to next Friday.,email
not_spam,Please find attached the report you requested.,email
not_spam,I hope you are doing well. How is the new job?,email
not_spam,Can we schedule a call for tomorrow afternoon?,email
not_spam,Thanks for the great presentation today.,email
not_spam,I have reviewed the proposal and it looks good.,email
not_spam,The team meeting has been moved to 3 PM.,email
not_spam,Looking forward to working with you on this project.,email
not_spam,"Hi, I wanted to follow up on our meeting yesterday.",email
not_spam,Thank you for your email. I will get back to you soon.,email
not_spam,The project deadline has been extended to next Friday.,email
not_spam,Please find attached the report you requested.,email
not_spam,I hope you are doing well. How is the new job?,email
not_spam,Can we schedule a call for tomorrow afternoon?,email
not_spam,Thanks for the great presentation today.,email
not_spam,I have reviewed the proposal and it looks good.,email
not_spam,The team meeting has been moved to 3 PM.,email
not_spam,Looking forward to working with you on this project.,email
